,continent,location,total_cases,total_cases_per_million,total_deaths,total_vaccinations,people_fully_vaccinated_per_hundred,population,population_density,median_age,aged_65_older,gdp_per_capita,extreme_poverty,cardiovasc_death_rate,diabetes_prevalence,female_smokers,male_smokers,hospital_beds_per_thousand,life_expectancy,human_development_index,obesity_percentage,alcoholic_beverages,animal_fats,animal_products,aquatic_products_other,cereals_excluding_beer,eggs,fish_seafood,fruits_excluding_wine,meat,milk_excluding_butter,miscellaneous,offals,oilcrops,pulses,spices,starchy_roots,stimulants,sugar_sweeteners,sugar_crops,treenuts,vegetable_oils,vegetables,vegetal_products,Unit (all except Population)
0,Asia,Afghanistan,162926,4063.047,7414,5125146,9.71,40099462,54.422,18.6,2.581,1803.987,,597.029,9.59,,,0.5,64.83,0.511,5.5,0.0014,0.1973,9.4341,0,24.8097,0.2099,0.035,5.3495,1.202,7.5828,0.0728,0.2057,0.07,0.2953,0.0574,0.8802,0.3078,1.3489,0,0.077,0.5345,6.7642,40.5645,%
1,Europe,Albania,258543,90567.168,3346,,,2854710,104.871,38,13.188,11803.431,1.1,304.195,10.08,7.1,51.2,2.89,78.57,0.795,21.7,1.6719,0.1357,18.7684,0,5.7817,0.5815,0.2126,6.7861,1.8845,15.7213,0.1123,0.2324,0.9377,0.238,0.0008,1.8096,0.1055,1.5367,0,0.1515,0.3261,11.7753,31.2304,%
2,Africa,Algeria,252117,5706.849,6579,,,44177969,17.348,29.1,6.211,13913.839,0.5,278.364,6.73,0.7,30.4,1.9,76.88,0.748,27.4,0.2711,0.0282,9.6334,0,13.6816,0.5277,0.2416,6.3801,1.1305,7.6189,0.1671,0.087,0.3493,0.4783,0.0557,4.134,0.2216,1.8342,0,0.1152,1.031,11.6484,40.3651,%
3,Africa,Angola,98116,2843.631,1895,,,34503774,23.89,16.8,2.405,5819.495,,276.045,3.94,,,,61.15,0.581,8.2,5.8087,0.056,4.9278,0,9.1085,0.0587,1.7707,6.0005,2.0571,0.8311,0.1165,0.155,0.4186,0.6507,0.0009,18.1102,0.0508,1.8495,0,0.0061,0.6463,2.3041,45.0722,%
4,North America,Antigua and Barbuda,6627,71089.895,127,,,93220,231.845,32.1,6.933,21490.943,,191.511,13.17,,,3.8,77.02,0.778,18.9,3.5764,0.0087,16.6613,0,5.996,0.2274,4.1489,10.7451,5.6888,6.3663,0.7139,0.2219,0.2172,0.184,0.1524,1.4522,0.1564,3.8749,0,0.0253,0.8102,5.4495,33.3233,%
5,South America,Argentina,8378656,185054.149,121273,88886968,78.29,45276780,16.177,31.9,11.198,18933.907,0.6,191.032,5.5,16.2,27.7,5,76.67,0.845,28.3,4.2672,0.2234,19.3454,0,8.4102,0.9979,0.4693,6.0435,7.0421,10.2328,0,0.3779,0.0116,0.0528,0.0122,3.042,0.4378,3.0536,0,0.02,0.9541,4.3503,30.6559,%
6,Asia,Armenia,367795,131780.16,8053,,,2790974,102.931,35.7,11.232,8787.58,1.8,341.01,7.11,1.5,52.1,4.2,75.09,0.776,20.2,0.4014,0.1833,13.564,0,7.2982,0.5783,0.2896,6.0989,2.2675,9.9407,0.2355,0.304,0.0899,0.1441,0.0055,2.0359,0.1863,2.6579,0,0.1108,0.4705,16.7019,36.4358,%
7,Oceania,Australia,2580386,99547.747,3835,49866290,77.97,25921089,3.202,37.9,15.504,44648.71,0.5,107.791,5.07,13,16.5,3.84,83.44,0.944,29,5.5436,0.3143,21.4175,0.0033,5.4979,0.4428,1.4264,4.1883,6.7049,12.1018,0.5293,0.424,0.3694,0.0546,0.0458,2.7884,0.2928,2.5364,0,0.3176,1.2798,5.1406,28.5806,%
8,Europe,Austria,1835602,205736.957,17207,17776006,76.45,8922082,106.749,44.4,19.202,45436.686,0.7,145.183,6.35,28.4,30.9,7.37,81.54,0.922,20.1,7.0215,0.8555,19.5654,0.0011,6.2116,0.7884,0.7562,4.6069,4.681,12.3776,0.0005,0.1052,0.2683,0.0456,0.0494,3.0548,0.4106,2.6094,0,0.2367,0.8109,5.1098,30.4338,%
9,Asia,Azerbaijan,658470,63848.59,8734,12000767,45.98,10312992,119.309,32.4,6.018,15847.419,,559.812,7.11,0.3,42.5,4.7,73,0.756,19.9,3.5969,0.2544,11.6416,0,13.0898,0.5593,0.202,4.7988,2.1513,8.3212,0.0145,0.1534,0.0145,0.0347,0.0044,4.7041,0.0587,1.5523,0,0.1906,0.2235,10.0755,38.3584,%
10,North America,Bahamas,32562,79827.215,746,,,407906,39.497,34.3,8.996,27717.847,,235.954,13.17,3.1,20.4,2.9,73.92,0.814,31.6,2.0175,0.0062,11.4718,0.0009,3.7246,0.625,2.4144,13.2718,5.9269,2.1757,2.9316,0.3218,0.6993,0.0504,0.0884,1.0547,0.1556,6.2151,0,0.0495,0.511,7.7649,38.5229,%
11,Asia,Bangladesh,1798833,10621.592,28394,,,169356251,1265.036,27.5,5.098,3523.984,14.8,298.003,8.38,1,44.7,0.8,72.59,0.632,3.6,0.0031,0.0156,5.1926,0,29.8045,0.2957,2.5221,2.8655,0.4191,1.8778,0.0197,0.0633,0.082,0.7065,0.3195,5.3378,0.0529,0.9285,0.195,0.0934,0.7615,3.6405,44.8033,%
12,North America,Barbados,44430,158001.422,280,,,281200,664.463,39.8,14.952,16978.068,,170.05,13.57,1.9,14.5,5.8,79.19,0.814,23.1,3.565,0.2212,12.4976,0,8.0666,0.7792,3.275,5.8723,5.8477,2.2041,3.302,0.1704,0.8734,0.6391,0.1565,4.0812,0.1721,4.3344,0,0.0852,0.8677,5.4725,37.5167,%
13,Europe,Belarus,742953,77567.339,6052,,,9578168,46.858,40.3,14.799,17167.967,,443.129,5.18,10.5,46.1,11,74.79,0.823,24.5,3.7563,0.3353,12.7089,0,6.2814,0.7565,0.8372,3.5665,4.1893,6.2104,0.5035,0.3795,0.072,0.001,0.0067,9.1691,0.1142,4.0155,0,0.1399,0.8804,8.7859,37.2904,%
14,Europe,Belgium,3155239,271735.843,29052,24212562,76.56,11611420,375.564,41.8,18.571,42658.576,0.2,114.898,4.29,25.1,31.4,5.64,81.63,0.931,22.1,5.373,0.8559,17.7279,0.001,6.6704,0.6487,1.1325,4.1623,3.237,11.6344,0,0.2185,0.0965,0.1132,0.0409,4.4157,0.2461,3.6514,0,0.1309,0.564,6.8161,32.2637,%
15,North America,Belize,50487,126207.719,625,,,400031,16.426,25,3.853,7824.362,,176.957,17.11,,,1.3,74.62,0.716,24.1,3.3803,0.0832,8.6856,0,11.07,0.3923,1.0325,12.6094,3.489,3.6317,1.7653,0.0569,0.394,1.1259,0.0195,1.0614,0.0849,3.9798,0,0.034,1.0198,4.7721,41.3122,%
16,Africa,Benin,26450,2035.101,163,,,12996895,99.11,18.8,3.244,2064.236,49.6,235.848,0.99,0.6,12.3,0.5,61.77,0.545,9.6,5.9019,0.0132,3.7504,0,9.623,0.0711,1.2267,2.9523,1.4107,0.9458,0.145,0.0829,0.6628,0.7367,0.4461,19.7771,0.0042,0.6635,0,0.4028,0.7381,4.1964,46.2493,%
17,Europe,Bosnia and Herzegovina,347467,106228.387,14447,,,3270943,68.496,42.5,16.569,11713.895,0.2,329.635,10.08,30.2,47.7,3.5,77.4,0.78,17.9,4.7876,0.0585,12.4319,0,8.7152,0.2576,0.2465,4.6409,1.8165,9.9443,0.486,0.1089,0.0963,0.2718,0.3922,4.0495,0.3504,1.6391,0,0.0822,0.4205,11.6394,37.5645,%
18,Africa,Botswana,253036,97756.819,2581,,,2588423,4.044,25.8,3.941,15807.374,,237.372,4.81,5.7,34.4,1.8,69.59,0.735,18.9,4.2717,0.3402,14.4486,0,11.432,0.1402,0.3551,2.8465,2.284,11.0217,1.6092,0.3056,0.2019,0.2729,0.1626,4.7614,0.1336,4.7857,0.0009,0.015,1.0065,4.0558,35.5491,%
19,South America,Brazil,25463530,118807.347,627589,362503209,69.95,214326223,25.04,33.5,8.552,14103.452,3.4,177.961,8.11,10.1,17.9,2.2,75.88,0.765,22.1,4.3629,0.2803,17.347,0,8.4292,0.5042,0.5899,6.0936,6.4784,9.3416,0.0006,0.1512,0.7093,0.9254,0.0071,3.3959,0.3024,2.7755,1.0111,0.0513,1.2823,3.307,32.6537,%
20,Europe,Bulgaria,951965,138249.092,33318,4165478,28.99,6885868,65.18,44.7,20.801,18563.307,1.5,424.688,5.81,30.1,44.4,7.454,75.05,0.816,25,7.0834,0.2488,17.2483,0.0103,8.875,0.5924,0.4845,3.9812,4.0073,11.5992,0.2254,0.3058,0.345,0.1512,0.6048,1.8576,0.2818,2.3627,0,0.0797,0.7085,6.2037,32.7435,%
21,Africa,Burkina Faso,20624,933.184,366,,,22100683,70.151,17.6,2.409,1703.102,43.7,269.048,2.42,1.6,23.9,0.4,61.58,0.452,5.6,15.3706,0.0231,4.6611,0,21.2005,0.2406,0.7077,0.6596,1.2029,2.3195,0.1373,0.1664,1.8664,1.4294,0.0321,0.9723,0.0211,1.1287,0,0.0712,0.9503,1.5036,45.3359,%
22,Asia,Cambodia,121355,7315.38,3015,33144777,82.95,16589023,90.672,25.6,4.412,3645.07,,270.892,4,2,33.7,0.8,69.82,0.594,3.9,4.5783,0.0377,6.08,0,24.8906,0.131,4.2369,2.3184,1.2247,0.3285,0.4853,0.1211,0.79,0.4903,0.0784,3.0519,0.126,2.9923,0.8367,0.0238,0.2511,3.0072,43.9195,%
23,Africa,Cameroon,116718,4291.319,1880,,,27198628,50.885,18.8,3.165,3364.926,23.8,244.661,7.2,,,1.3,59.29,0.563,11.4,5.156,0.0146,2.933,0,10.3112,0.0256,1.3206,7.2151,0.876,0.6289,0.0717,0.0673,0.8658,1.4734,0.283,11.3883,0.0234,0.6479,0,0.1324,0.6398,8.859,47.067,%
24,North America,Canada,3073654,80557.018,33870,78058871,79.06,38155012,4.037,41.4,16.984,44017.591,0.5,105.599,7.37,12,16.6,2.5,82.43,0.929,29.4,4.8441,0.8084,16.0365,0.006,6.4236,0.7668,1.2148,5.0692,4.4707,8.7596,0.6071,0.0097,0.4334,0.6304,0.0574,3.494,0.4053,5.0237,0,0.1439,1.3441,5.4961,33.9551,%
25,Africa,Central African Republic,13919,2550.597,110,652134,10.07,5457154,7.479,18.3,3.655,661.24,,435.727,6.1,,,1,53.28,0.397,7.5,1.7435,0.1228,6.9032,0,3.8844,0.051,0.8041,4.5543,3.7346,1.7581,0.0614,0.4338,0.697,0.8936,0.0031,27.7128,0.2008,0.7022,0,0,0.724,1.9214,43.0942,%
26,Africa,Chad,7155,416.479,190,,,17179740,11.833,16.7,2.486,1768.153,38.4,280.995,6.1,,,,54.24,0.398,6.1,0.8297,0.2023,12.2804,0,21.6017,0.0495,1.0451,1.0669,3.8543,5.9037,0.064,1.2256,3.0304,1.4133,0,6.991,0.0087,1.3449,0,0,0.4556,0.9141,37.7189,%
27,South America,Chile,2165984,111114.942,39721,46710665,87,19493184,24.282,35.4,11.087,22767.037,1.3,127.993,8.46,34.2,41.5,2.11,80.18,0.851,28,4.969,0.1782,15.0394,0.0155,10.8579,0.7757,0.8711,3.9109,6.1492,6.9966,0.3024,0.0525,0.2588,0.2677,0.0133,4.7183,0.1353,3.5582,0,0.119,0.5435,5.3092,34.9584,%
28,Asia,China,120069,84.206,4636,3000532000,,1425893464,147.674,38.7,10.641,15308.712,0.7,261.899,9.74,1.9,48.4,4.34,76.91,0.761,6.2,2.3224,0.0866,13.424,0.0542,8.9298,1.2059,3.3435,4.2451,6.0732,1.7962,1.3773,0.8643,0.4401,0.0704,0.0364,1.9016,0.1781,3.1065,0.0253,0.2665,0.579,13.099,36.5744,%
29,South America,Colombia,5887261,114278.996,134300,71927908,61.47,51516562,44.223,32.2,7.646,13254.949,4.5,124.24,7.44,4.7,13.5,1.71,77.29,0.767,22.3,3.1032,0.0814,12.821,0,8.1055,0.8132,0.4552,11.3276,3.554,7.7443,0.0776,0.1729,0.2276,0.3503,0.0343,5.0309,0.0057,4.7518,0.028,0.0947,0.9454,3.0981,37.1774,%
30,Africa,Congo,23705,4061.992,371,,,5835806,15.405,19,3.402,4881.406,37,344.094,7.2,1.7,52.3,,64.57,0.574,9.6,4.9612,0.0122,6.1258,0,6.2564,0.0457,2.3945,4.0015,3.2735,0.0963,0.173,0.3044,0.3632,0.2408,0.0033,23.2457,0.0171,1.3907,0,0.0016,0.67,2.552,43.8709,%
31,North America,Costa Rica,694865,134821.653,7575,8315360,71.34,5153957,96.079,33.6,9.468,15524.995,1.3,137.973,8.78,6.4,17.4,1.13,80.28,0.81,25.7,1.6982,0.1529,18.677,0.0007,8.6611,0.7582,1.3317,9.5203,3.8631,12.4535,0.0274,0.1161,0.2914,0.8354,0.0433,1.5676,0.3181,3.9006,0,0.0397,1.4363,2.9837,31.3238,%
32,Europe,Croatia,937167,230821.635,13827,5100960,54.34,4060135,73.726,44,19.724,22669.797,0.7,253.782,5.59,34.3,39.9,5.54,78.49,0.851,24.4,4.9846,0.2296,17.311,0.0005,5.7726,0.3955,0.9196,3.4094,3.6945,11.8824,0,0.1889,0.3494,0.0373,0.0236,1.8078,0.2458,3.088,0,0.0761,0.3808,12.5188,32.6838,%
33,North America,Cuba,1044790,92817.65,8399,34298831,87.34,11256372,110.408,43.1,14.738,,,190.968,8.27,17.1,53.3,5.2,78.8,0.783,24.6,2.0589,0.1202,10.0096,0,9.9309,0.5263,0.3368,9.0347,3.2837,5.5971,0.0787,0.1456,0.5346,1.1336,0.0089,5.1555,0.0657,3.1617,0,0.0006,0.4535,8.374,39.9895,%
34,Europe,Cyprus,256746,286544.636,733,1693504,70.23,896007,127.657,37.3,13.416,32415.132,,141.171,9.24,19.6,52.7,3.4,80.98,0.887,21.8,3.4447,0.0277,16.1736,0.0015,7.0646,0.5746,1.8209,6.198,5.3167,8.2744,1.4858,0.1584,0.4089,0.211,0.0307,1.7705,0.2387,4.2194,0,0.1781,1.1937,7.3888,33.8191,%
35,Europe,Czechia,3013454,286702.091,37209,17065912,64.59,10510750,137.176,43.3,19.027,32605.906,,227.485,6.82,30.5,38.3,6.63,79.38,0.9,26,9.8498,0.8945,17.8065,0.0006,5.6937,0.4964,0.5355,3.3962,4.7618,10.983,0.1099,0.134,0.0949,0.1139,0.0316,3.3991,0.134,3.8081,0,0.0477,0.9854,4.5289,32.1944,%
36,Europe,Denmark,1742569,297659.303,3755,12991747,81.04,5854240,136.52,42.3,19.677,46682.515,0.2,114.767,6.41,19.3,18.8,2.5,80.9,0.94,19.7,4.8866,1.2415,23.2141,0.001,6.7226,0.8206,1.1797,3.1098,3.6804,15.9557,0,0.3347,0.1185,0.0369,0.0774,3.1113,0.4069,2.8728,0,0.1138,0.0915,5.2431,26.7812,%
37,Africa,Djibouti,15464,13987.519,189,,,1105557,41.285,25.4,4.213,2705.406,22.5,258.037,6.05,1.7,24.5,1.4,67.11,0.524,13.5,0.3778,0.0579,5.5215,0,20.2702,0.1275,0.4276,3.2735,1.7428,2.9085,1.1831,0.2572,0.0568,1.5724,0.1506,1.8633,0.1309,4.2005,0,0.0406,1.6153,9.7637,44.4582,%
38,North America,Dominica,9032,124730.708,51,,,72412,98.567,,,9673.367,,227.376,11.62,,,3.8,75,0.742,27.9,0.941,0.0319,8.9011,0,3.4014,0.1244,1.4188,19.3028,2.782,4.4217,0.6745,0.1219,1.1058,0.2255,0.1512,6.8477,0.2553,3.1738,0,0.0035,0.3797,4.6371,41.0989,%
39,North America,Dominican Republic,555245,49941.653,4307,14773753,52.12,11117874,222.873,27.6,6.981,14600.861,1.6,266.653,8.2,8.5,19.1,1.6,74.08,0.756,27.6,3.21,0.1122,11.2417,0.0006,6.9232,0.6445,0.6059,18.4431,3.5009,6.1202,0.0906,0.2567,1.1395,0.5881,0.026,2.0198,0.142,2.1332,0,0.0108,1.2948,2.7385,38.7577,%
40,South America,Ecuador,732038,41130.96,34533,30028057,74.76,17797737,66.939,28.1,7.104,10581.936,3.6,140.448,5.55,2,12.3,1.5,77.01,0.759,19.9,3.2929,0.1277,15.3469,0.0328,14.9132,0.6902,0.6893,8.039,4.0115,9.5745,0.1526,0.22,0.1765,0.157,0.0177,2.2701,0.0071,1.737,0,0.016,1.3777,2.4981,34.6522,%
41,Africa,Egypt,425911,3898.064,22635,,,109262178,97.999,25.3,5.159,10550.206,1.3,525.432,17.31,0.2,50.1,1.6,71.99,0.707,32,0.0722,0.0896,6.7374,0,17.5311,0.2307,1.5844,6.9387,1.7583,2.7568,0.0187,0.317,0.6541,0.3063,0.0655,2.6919,0.0863,1.7984,2.0338,0.0268,0.3839,10.6559,43.2622,%
42,North America,El Salvador,135109,21397.755,3899,,,6314167,307.811,27.6,8.273,7292.458,2.2,167.295,8.87,2.5,18.8,1.3,73.32,0.673,24.6,2.1651,0.1113,12.888,0,11.7265,0.7533,0.573,5.9517,2.6337,8.7381,0.592,0.0794,1.4273,1.4661,0.0121,2.2462,0.2649,3.526,0,0.0155,0.4565,7.2703,37.1029,%
43,Europe,Estonia,337543,254039.848,2033,1920163,62.35,1328701,31.033,42.7,19.452,29481.252,0.5,255.569,4.02,24.5,39.3,4.69,78.74,0.892,21.2,6.1949,0.4556,22.3154,0.0005,6.3498,0.6145,0.7127,3.5061,3.081,17.3068,0.1501,0.1457,0.0518,0.1472,0.0576,3.2403,0.2121,2.3886,0,0.0886,0.3472,4.9558,27.6779,%
44,Africa,Eswatini,68367,57341.829,1375,,,1192271,79.492,21.5,3.163,7738.975,,333.436,3.94,1.7,16.5,2.1,60.19,0.611,16.5,6.2239,0.1024,7.4118,0.0019,14.7814,0.1578,0.3643,8.5537,2.5917,3.9299,0.6695,0.262,0.3005,0.3578,0.1615,5.3187,0.0648,3.1796,0,0.0892,0.3258,2.5701,42.5816,%
45,Africa,Ethiopia,465158,3867.196,7337,10975026,,120283026,104.957,19.8,3.526,1729.927,26.7,182.634,7.47,0.4,8.5,0.3,66.6,0.485,4.5,2.4543,0.0276,5.2956,0,22.0779,0.0594,0.0608,1.1774,0.7462,4.2647,0.018,0.1382,0.2322,3.0195,0.4298,11.2918,0.2957,1.317,0,0.0802,0.4699,1.8449,44.6989,%
46,Oceania,Fiji,62855,67980.013,801,1279166,66.43,924610,49.562,28.6,6.224,8702.975,1.4,412.82,14.49,10.2,34.8,2.3,67.44,0.743,30.2,1.8598,0.2922,7.8511,0.0021,10.144,0.2682,2.3832,2.1636,3.0004,1.7421,0.2586,0.1642,4.3799,0.7746,0.05,7.8599,0.1238,9.7259,0,0.0157,0.8683,3.9255,42.1469,%
47,Europe,Finland,489870,88488.206,1990,11008185,74.68,5535992,18.136,42.8,21.228,40585.721,,153.507,5.76,18.3,22.6,3.28,81.91,0.938,22.2,4.5004,0.519,26.8865,0,5.1978,0.3979,1.5306,3.1864,3.4915,20.8378,0.7944,0.1097,0.0883,0.0533,0.0168,2.7671,0.545,1.8388,0,0.046,0.2468,3.8325,23.1132,%
48,Europe,France,19196399,284720.106,131011,137224177,76.6,67422000,122.578,42,19.718,38605.671,,86.06,4.77,30.1,35.6,5.98,82.66,0.901,21.6,4.1631,0.7907,21.7097,0.0011,6.9951,0.611,1.8214,4.878,4.4005,13.784,0.1918,0.301,0.1479,0.0991,0.0164,2.6963,0.2925,2.611,0,0.2093,0.8675,5.1223,28.2903,%
49,Africa,Gabon,46925,20043.32,301,,,2341179,7.859,23.1,4.45,16562.413,3.4,259.967,7.2,,,6.3,66.47,0.703,15,6.1881,0.0109,8.1825,0,9.1158,0.0701,2.2578,9.0341,4.32,0.9486,0.4751,0.5758,0.8509,0.0139,0.0015,11.8727,0.0212,1.2508,0.1248,0.0051,0.4824,2.3979,41.8004,%
50,Africa,Gambia,11842,4485.749,362,,,2639916,207.566,17.5,2.339,1561.767,10.1,331.43,1.91,0.7,31.2,1.1,62.05,0.496,10.3,2.8419,0.0114,10.1417,0,21.8908,0.2008,3.9197,0.8742,1.1134,4.8167,0.9824,0.0812,3.1637,0.1281,0.0043,0.8614,0.2719,4.1176,0,0.0897,2.2026,2.4575,39.8291,%
51,Asia,Georgia,1175923,312913.587,14980,2722187,32.5,3757980,65.032,38.7,14.864,9745.079,4.2,496.218,7.11,5.3,55.5,2.6,73.77,0.812,21.7,2.5343,0.2356,15.5347,0,15.6253,0.5032,0.6622,3.1735,2.6217,11.3605,0.7882,0.1507,0.084,0.0025,0.0247,3.7542,0.2397,3.311,0,0.1631,0.668,4.0993,34.4636,%
52,Europe,Germany,9815533,117680.172,117786,169067626,73.77,83408554,237.016,46.6,21.453,45229.245,,156.139,8.31,28.2,33.1,8,81.33,0.947,22.3,6.7714,0.6715,20.8485,0.0011,6.0363,0.5947,0.6758,3.6131,4.6524,14.1789,0,0.0747,0.1701,0.0419,0.0429,3.5712,0.3493,2.507,0,0.1903,0.8104,5.0542,29.1443,%
53,Africa,Ghana,156920,4779.333,1395,,,32833031,126.719,21.1,3.385,4227.63,12,298.245,4.97,0.3,7.7,0.9,64.07,0.611,10.9,0.9444,0.0088,2.8956,0,6.323,0.0705,1.4992,10.4274,0.8069,0.4178,0.1657,0.0917,0.7957,0.392,0.238,24.6325,0.0053,0.8128,0.2815,0.0364,0.3655,1.6849,47.1041,%
54,Europe,Greece,1940723,185797.528,23500,19361091,70.23,10445365,83.479,45.3,20.396,24574.382,1.5,175.695,4.55,35.3,52,4.21,82.24,0.888,24.9,2.2879,0.2116,17.6914,0.0005,7.2801,0.4539,1.026,6.3296,3.7836,12.0221,0.0596,0.1947,0.8112,0.2539,0.0243,3.1307,0.256,1.7744,0,0.6676,1.5237,7.9134,32.3038,%
55,North America,Grenada,12336,98996.87,210,,,124610,317.132,29.4,7.304,13593.877,,243.964,10.71,,,3.7,72.4,0.779,21.3,3.1315,0.1276,12.1319,0.0019,7.6569,0.9226,2.5802,11.0608,5.6546,2.7183,1.2873,0.1266,1.3768,0.6417,0.3171,2.2222,0.1104,5.448,0,0.0143,0.9959,3.6085,37.8648,%
56,North America,Guatemala,690290,39202.128,16385,13451175,30.03,17608483,157.834,22.9,4.694,7423.808,8.7,155.898,10.18,,,0.6,74.3,0.663,21.2,1.7037,0.0957,10.3765,0,15.1579,1.4676,0.2807,6.7124,3.9589,4.4093,0.0348,0.1632,0.5276,1.6504,0.0403,1.3316,0.2872,5.3058,0,0.198,0.8747,5.7997,39.624,%
57,Africa,Guinea,36166,2672.646,419,4749322,13.85,13531906,51.755,19,3.135,1998.926,35.3,336.717,2.42,,,0.3,61.6,0.477,7.7,0.311,0.0213,3.8776,0,17.2911,0.1648,0.8939,7.9395,1.1561,1.4724,0.2312,0.1692,0.9506,0.3925,0,11.7958,0.1196,1.3368,0,0.0009,1.3271,4.4286,46.1202,%
58,Africa,Guinea-Bissau,7586,3681.236,156,,,2060721,66.191,19.4,3.002,1548.675,67.1,382.474,2.42,,,,58.32,0.48,9.5,2.4603,0.0423,4.9295,0,21.6069,0.1038,0.1666,6.366,2.2155,2.1899,0.5331,0.2114,0.328,0.2499,0.0013,8.1087,0.0167,0.7893,0,0.4485,1.8016,2.3642,45.0666,%
59,South America,Guyana,59889,74436.312,1168,775229,38.89,804567,3.952,26.3,5.305,7435.047,,373.159,11.62,,,1.6,69.91,0.682,20.2,1.8708,0.0206,9.1155,0,9.7847,0.1038,1.7011,5.7954,2.5237,4.7277,0.3516,0.0385,1.8367,0.3907,0.1942,1.8384,0.0742,3.2325,0,0.0435,0.2779,15.2061,40.8722,%
60,North America,Haiti,29477,2574.957,804,,,11447569,398.448,24.3,4.8,1653.173,23.5,430.548,6.65,2.9,23.1,0.7,64,0.51,22.7,1.2733,0.0402,3.5986,0,13.4196,0.0525,0.5064,12.0278,1.9687,0.8765,0.3309,0.1532,0.4829,2.0067,0.0022,11.48,0.3801,2.0961,0,0,0.8742,2.0302,46.3997,%
61,North America,Honduras,391874,38126.173,10512,,,10278346,82.805,24.9,4.652,4541.795,16,240.208,7.21,2,,0.7,75.27,0.634,21.4,2.0662,0.1378,13.6048,0,14.1699,0.4601,0.3339,6.8464,3.508,9.0154,0.6923,0.1505,0.1749,1.3962,0.0138,0.6796,0.4686,5.9591,0,0.0276,1.2467,2.6599,36.3883,%
62,Europe,Hungary,1553405,159983.444,41405,15927853,62.86,9709786,108.043,43.4,18.577,26777.561,0.5,278.296,7.55,26.8,34.8,7.02,76.88,0.854,26.4,6.7533,1.0595,20.0268,0.0007,7.5908,0.8885,0.4113,3.0852,5.2042,12.4568,0.0039,0.0052,0.0679,0.1906,0.1802,3.046,0.1031,2.5433,0,0.0183,0.7214,5.6788,29.9644,%
63,Europe,Iceland,67673,182734.551,46,,,370335,3.404,37.3,14.431,46482.958,0.2,117.992,5.31,14.3,15.2,2.91,82.99,0.949,21.9,4.7545,0.9461,23.97,0.0025,4.1196,0.5557,4.6117,4.8405,4.6269,13.0028,1.4022,0.2232,0.1759,0.0376,0.0676,1.9909,0.4626,3.9472,0,0.0752,0.4667,3.6874,26.0331,%
64,Asia,India,41469499,29461.896,496242,1664786038,50.44,1407563842,450.419,28.2,5.989,6426.674,21.2,282.28,10.39,1.9,20.6,0.53,69.66,0.645,3.9,0.1959,0.0028,11.3357,0,17.3821,0.3061,0.6499,5.4333,0.356,9.9889,0,0.0311,0.728,1.5709,0.3268,2.7906,0.0753,1.7471,0,0.1526,0.7487,7.5213,38.6568,%
65,Asia,Indonesia,4353370,15902.536,144320,,46.77,273753191,145.725,29.3,5.319,11188.744,5.7,342.864,6.32,2.8,76.1,1.04,71.72,0.718,6.9,0.0794,0.0309,6.2575,0.0009,24.3918,0.4911,3.9386,5.5134,1.0316,0.5943,0.0026,0.1702,2.2113,0.0988,0.1508,4.6343,0.0406,1.8481,0,0.0564,0.8579,3.8558,43.7438,%
66,Asia,Iraq,2210582,50778.764,24389,,,43533592,88.125,20,3.186,15663.986,2.5,218.612,8.83,,,1.4,70.6,0.674,30.4,0.1915,0.0423,6.2809,0,24.0855,1.2467,0.445,6.4975,2.5171,1.9902,0.3975,0.0396,0.3037,0.4807,0.0304,1.0842,0.1783,3.3755,0,0.1268,2.0139,4.9563,43.7165,%
67,Europe,Ireland,1183008,237240.917,6136,10444156,78.51,4986526,69.874,38.7,13.928,67335.293,0.2,126.459,3.28,23,25.7,2.96,82.3,0.955,25.3,7.5703,0.871,18.5712,0.0005,6.3057,0.4653,1.1942,3.3996,4.0102,11.9469,0.2951,0.0831,0.1733,0.1325,0.0362,3.5362,0.1855,4.0147,0,0.0836,0.7497,4.951,31.4242,%
68,Asia,Israel,2900569,312191.26,8805,17922099,65.71,9291000,402.606,30.6,11.733,33132.32,0.5,93.32,6.74,15.4,35.4,2.99,82.97,0.919,26.1,1.2876,0.1026,18.7463,0.0017,7.6277,0.5664,1.4696,6.3746,5.5003,10.9066,0.2602,0.2007,0.5233,0.364,0.0278,1.9975,0.2619,1.7747,0,0.2262,1.6743,8.8586,31.2472,%
69,Europe,Italy,10983116,185399.305,146498,128400927,77.84,59240330,205.859,47.9,23.021,35220.084,2,113.151,4.78,19.8,27.8,3.18,83.51,0.892,19.9,3.1892,0.2834,19.0329,0.0005,8.5417,0.6247,1.5816,6.0207,4.2963,12.1258,0.0403,0.1194,0.1836,0.2781,0.0064,1.9043,0.2946,1.7175,0,0.423,1.4224,6.9463,30.9671,%
70,North America,Jamaica,124512,44033.053,2658,1303898,21.93,2827694,266.879,31.4,9.684,8193.571,,206.537,11.28,5.3,28.6,1.7,74.47,0.734,24.7,2.4636,0.2074,11.9958,0.0074,8.5031,0.1457,1.8692,8.0661,4.3372,5.217,0.6952,0.2111,0.999,0.2177,0.3752,4.5837,0.1677,4.6889,0,0.011,0.7584,6.4772,38.0023,%
71,Asia,Japan,2738460,21975.8,18812,207926666,80.27,124612530,347.778,48.2,27.049,39002.223,,79.37,5.72,11.2,33.7,13.05,84.63,0.919,4.3,4.044,0.0751,15.3194,0.1088,12.1692,1.696,3.9283,2.8618,4.2599,5.063,0.2962,0.1883,0.7737,0.1287,0.1036,2.2072,0.3731,2.2055,0.228,0.0812,1.3445,7.8669,34.6776,%
72,Asia,Jordan,1225309,109910.158,13217,,,11148278,109.285,23.2,3.81,8337.49,0.1,208.257,11.75,,,1.4,74.53,0.729,35.5,0.0846,0.1162,9.3186,0,14.138,0.3344,0.5985,4.6624,3.8651,4.2637,0.3579,0.1397,0.728,0.6393,0.0469,2.1431,0.3742,4.7276,0,0.1652,1.9861,10.6308,40.6798,%
73,Asia,Kazakhstan,1325293,69038.388,18508,17941272,45.61,19196465,6.681,30.6,6.991,24055.588,0.1,466.792,7.11,7,43.1,6.7,73.6,0.825,21,2.1919,0.3611,19.1598,0,6.5119,0.4584,0.2393,3.2145,3.4501,14.3591,0.2967,0.2914,0.1154,0.0255,0.0106,5.4755,0.1319,1.456,0,0.0845,1.1215,10.2055,30.8394,%
74,Africa,Kenya,321381,6063.15,5583,12252574,10.43,53005614,87.324,20,2.686,2993.028,36.8,218.637,2.92,1.2,20.4,1.4,66.7,0.601,7.1,1.9664,0.1175,11.4394,0,15.1221,0.1447,0.4329,4.6941,1.7336,8.7987,0.025,0.211,0.2686,1.751,0.0174,7.5828,0.223,1.8098,0,0.0892,0.6689,4.345,38.5589,%
75,Oceania,Kiribati,460,3569.378,,,,128874,143.701,23.2,3.895,1981.132,,434.657,22.66,35.9,58.9,1.9,68.37,0.63,46,0.297,0.0486,8.8958,0,8.2747,0.164,6.1065,5.8907,2.3856,0.1561,0.5104,0.035,9.9946,0.0032,0.0064,7.183,0.0311,4.1373,0,0.1951,0.4419,4.1389,41.1042,%
76,Asia,Kuwait,545717,128400.556,2497,7332551,76.61,4250114,232.128,33.7,2.345,65530.537,,132.235,15.84,2.7,37,2,75.49,0.806,37.9,0.0044,0.0022,10.7213,0.0022,11.4132,1.3306,0.8343,5.3058,4.877,3.4788,0.8554,0.1969,0.2783,0.4353,0.202,3.2296,0.2696,2.9163,0.0276,0.1512,1.1976,12.9953,39.275,%
77,Asia,Kyrgyzstan,198316,30380.485,2880,2498929,,6527743,32.333,26.3,4.489,3393.474,1.4,436.362,7.11,3.6,50.5,4.5,71.45,0.697,16.6,0.6313,0.191,15.4588,0,10.1059,0.2653,0.07,2.2846,1.8707,12.8008,0.2076,0.2604,0.0098,0.3439,0.0197,5.8068,0.0608,3.2495,0,0.1449,0.355,11.3219,34.5412,%
78,Europe,Latvia,392764,209594.972,4873,2787898,68.73,1873919,31.212,43.9,19.754,25063.846,0.7,350.06,4.91,25.6,51,5.57,75.29,0.866,23.6,5.4573,1.1805,18.8216,0.0005,6.3952,0.6645,1.3226,2.5738,3.6559,11.8285,0.2596,0.1686,0.1107,0.0032,0.0122,6.5835,0.1963,2.6169,0,0.0793,0.699,6.1946,31.1757,%
79,Asia,Lebanon,921208,164718.18,9606,4902087,36.1,5592631,594.561,31.1,8.514,13367.565,,266.591,12.71,26.9,40.7,2.9,78.93,0.744,32,0.7164,0.0796,8.0679,0,11.8253,0.173,0.7091,6.9852,1.9469,5.0748,0.0747,0.0853,0.5052,0.5011,0.0406,3.2676,0.3647,5.1366,0,0.5271,1.4807,10.5128,41.9252,%
80,Africa,Lesotho,32176,14103.287,693,,,2281454,73.562,22.2,4.506,2851.153,59.6,405.126,3.94,0.4,53.9,,54.33,0.527,16.6,3.4135,0.0233,6.0914,0,23.4645,0.1204,0.2383,1.8065,2.529,2.7893,0.3898,0.3924,0.0725,1.1603,0.1165,7.1935,0.0363,2.2079,0,0.0052,0.6786,3.3721,43.8988,%
81,Africa,Liberia,7272,1400.234,290,,,5193416,49.127,19.2,3.057,752.788,38.6,272.509,2.42,1.5,18.1,0.8,64.1,0.48,9.9,1.0338,0.0264,3.7603,0,16.1465,0.1598,0.7764,5.3606,2.4123,0.1545,0.2997,0.2311,0.4159,0.0977,0.0013,15.3608,0.0132,1.1236,1.1804,0.0779,1.9567,3.1728,46.2383,%
82,Europe,Lithuania,705158,253048.552,7889,4415203,66.8,2786651,45.135,43.5,19.002,29524.265,0.7,342.989,3.67,21.3,38,6.56,75.93,0.882,26.3,5.5419,0.5316,23.049,0.0009,6.4732,0.7,1.5431,2.4007,3.7899,16.3529,0.0126,0.1301,0.0867,0.4388,0.0546,2.2766,0.2164,4.502,0,0.055,0.4924,4.4045,26.9471,%
83,Europe,Luxembourg,157985,247113.735,952,1231238,,639321,231.447,39.7,14.312,94277.965,0.2,128.275,4.42,20.9,26,4.51,82.25,0.916,22.6,8.0858,0.5443,14.6038,0.0051,5.1366,0.7875,1.6249,4.4841,4.0469,7.4929,0.3877,0.1036,0.1658,0.0399,0.0586,2.2067,1.2823,8.1121,0,0.0308,0.563,4.8536,35.3838,%
84,Africa,Madagascar,59319,2051.449,1274,,,28915653,43.951,19.6,2.929,1416.44,77.6,405.994,3.94,,,0.2,67.04,0.528,5.3,0.7972,0.0415,4.9125,0.0024,19.9604,0.077,0.6267,5.0701,1.4618,2.5031,0.0782,0.2002,0.1848,0.3708,0.0486,14.4675,0.2085,1.0922,0.5852,0.0261,0.3115,1.8871,45.0869,%
85,Africa,Malawi,84475,4247.164,2561,1881955,3.9,19889742,197.519,18.1,2.979,1095.042,71.4,227.349,3.94,4.4,24.7,1.3,64.26,0.483,5.8,1.1827,0.0814,2.7754,0,10.6197,0.0829,0.697,8.4723,1.4923,0.2524,0.0396,0.1695,0.5436,1.1841,0.0139,20.2901,0.0389,0.6412,0,0.0161,0.204,3.9786,47.2242,%
86,Asia,Malaysia,2870758,85505.712,31978,63709875,76.66,33573874,96.254,29.9,6.293,26808.164,0.1,260.942,16.74,1,42.4,1.9,76.16,0.81,15.6,0.8948,0.0882,12.6354,0.0204,17.3088,1.6596,5.3482,4.1713,4.9092,0.53,0.1541,0.0789,0.5801,0.2617,0.4502,1.6568,0.1012,3.903,0,0.0835,1.6336,6.1678,37.3632,%
87,Asia,Maldives,138880,266330.174,276,843409,70.93,521458,1454.433,30.6,4.12,15183.616,,164.905,9.19,2.1,55,,78.92,0.74,8.6,0.6859,0.0029,14.2704,0.0068,11.5385,1.1422,8.7959,6.0777,2.0051,2.3155,3.0315,0.0019,0.2082,0.0808,0.3434,1.6403,0.396,2.979,0.1002,0.7569,0.1819,7.718,35.7208,%
88,Africa,Mali,30052,1371.925,714,,,21904983,15.196,16.4,2.519,2014.306,,268.024,2.42,1.6,23,0.1,59.31,0.434,8.6,2.8904,0.0444,10.1637,0,19.8566,0.0573,0.7543,3.8991,1.9124,7.1206,0.1841,0.2746,0.491,0.7955,0.0638,2.6772,0.0614,0.8811,0,0.2374,0.5144,7.2943,39.8262,%
89,Europe,Malta,67717,128556.729,550,1213371,85.66,526748,1454.037,42.4,19.426,36513.323,0.2,168.711,8.83,20.9,30.2,4.485,82.53,0.895,28.9,3.9051,0.2062,13.6092,0.0017,7.8996,0.6714,1.7922,4.631,4.6096,6.2546,0.0315,0.0747,0.2899,0.2197,0.0331,2.059,0.2101,5.2164,0,0.1236,0.486,11.2856,36.3899,%
90,Africa,Mauritania,58243,12620.439,953,,,4614974,4.289,20.3,3.138,3597.633,6,232.347,2.42,,,,64.92,0.546,12.7,0.0055,0.1127,15.0193,0,20.4873,0.2539,1.0025,1.2991,3.3994,9.825,0.7519,0.4279,0.0799,1.0999,0.0066,1.0168,0.3677,4.3166,0,0,1.5716,3.9784,34.9779,%
91,Africa,Mauritius,105935,81556.53,822,,,1298915,622.962,37.4,10.945,20292.745,0.5,224.644,22.02,3.2,40.7,3.4,74.99,0.804,10.8,3.0805,0.0074,9.27,0.0102,17.1855,0.591,2.1303,3.568,4.6992,1.7166,1.0545,0.1173,0.4479,0.856,0.1847,1.8348,0.1625,3.568,0,0.0369,2.049,6.7122,40.7175,%
92,North America,Mexico,4942590,39008.6,306091,165750330,60.9,126705138,66.444,29.3,6.857,17336.469,2.5,152.783,13.06,6.9,21.4,1.38,75.05,0.779,28.9,4.4105,0.1672,15.1527,0.0201,11.4325,1.2967,0.9656,7.6794,4.3561,7.9917,0.0275,0.3552,0.1947,0.7071,0.1121,1.1644,0.0248,3.2266,0,0.1121,0.6856,5.0713,34.8456,%
93,Asia,Mongolia,841848,251464.402,2036,5446952,64.84,3347782,1.98,28.6,4.031,11840.846,0.5,460.043,4.82,5.5,46.5,7,69.87,0.737,20.6,3.143,0.3846,25.8904,0,10.1415,0.3727,0.044,1.0413,8.0929,15.856,0.5962,1.1411,0.0266,0.0366,0.0037,2.6155,0.1401,1.468,0,0.0137,0.555,4.3326,24.1046,%
94,Europe,Montenegro,219775,350038.783,2564,654000,44.23,627859,46.28,39.1,14.762,16409.288,1,387.305,10.08,44,47.9,3.861,76.88,0.829,23.3,2.2188,0.2067,22.8328,0.0014,5.0447,0.5542,0.6472,5.7297,3.3604,17.9487,0.847,0.1132,0.0865,0.2113,0.0175,1.1955,0.2605,6.0418,0,0.0948,0.4258,5.0001,27.1612,%
95,Africa,Morocco,1132716,30550.711,15400,,,37076584,80.08,29.6,6.769,7485.013,1,419.146,7.14,0.8,47.1,1.1,76.68,0.686,26.1,0.287,0.1449,8.4754,0,18.7029,0.4848,1.3901,7.211,2.5074,3.754,0.0079,0.1949,0.1892,0.3306,0.1185,3.4356,0.2042,2.6816,0,0.2549,0.8168,7.286,41.5224,%
96,Africa,Mozambique,223827,6977.788,2173,,,32077072,37.728,17.7,3.158,1136.103,62.9,329.942,3.3,5.1,29.1,0.7,60.85,0.456,7.2,1.2195,0.0297,4.0111,0,13.1904,0.1932,1.1353,2.8312,0.9302,1.6385,0.1565,0.0852,0.1258,1.2809,0.004,22.2864,0.105,1.0649,0,0.2011,0.7509,2.7738,45.9864,%
97,Asia,Myanmar,535532,9954.481,19310,,,53798084,81.721,29.1,5.732,5591.597,6.4,202.104,4.61,6.3,35.2,0.9,67.13,0.583,5.8,0.2195,0.1751,13.5188,0.0034,16.7608,0.4613,4.0424,4.0287,4.9753,3.6306,0.3391,0.2298,1.1003,1.2806,0.217,1.4514,0.2298,2.8592,0,0.2913,0.6322,7.0725,36.4807,%
98,Africa,Namibia,155899,61616.481,3967,,,2530151,3.078,22,3.552,9541.808,13.4,243.811,3.94,9.7,34.2,,63.71,0.646,17.2,5.4716,0.1134,9.6094,0.0053,9.9189,0.1196,1.0164,3.1266,2.6844,5.4479,0.7228,0.2207,0.0818,0.7298,0.1266,12.8231,0.0888,3.9848,0.0009,0.0114,0.9531,2.3626,40.38,%
99,Asia,Nepal,953913,31760.058,11743,31642503,47.97,30034989,204.43,25,5.809,2442.804,15,260.797,7.26,9.5,37.8,0.3,70.78,0.602,4.1,0.3318,0.0312,5.4355,0,18.1511,0.1435,0.205,4.7443,0.9817,3.9212,0.0594,0.1536,0.0594,0.9107,0.4195,6.0521,0.0319,0.547,3.0677,0.0978,0.8209,9.277,44.5576,%
100,Europe,Netherlands,4547587,259836.932,21356,,,17501696,508.544,43.2,18.779,48472.545,,109.361,5.29,24.4,27.3,3.32,82.28,0.944,20.4,4.3903,0.3343,24.2977,0.0111,4.9685,0.747,1.1517,4.923,4.0105,18.0051,0,0.0397,0.1111,0.0852,0.064,4.2639,0.2904,2.3446,0,0.1587,0.8485,3.2587,25.6959,%
101,Oceania,New Zealand,16620,3239.938,52,9460990,76.54,5129728,18.206,37.9,15.322,36085.843,,128.797,8.08,14.8,17.2,2.61,82.29,0.931,30.8,5.222,0.7446,17.5777,0.017,7.7522,0.7067,1.6771,4.0202,6.8421,7.4627,0,0.1275,0.3296,0.2414,0.0495,3.3719,0.2374,3.8188,0.0109,0.1499,0.5364,6.6889,32.4155,%
102,North America,Nicaragua,13681,1997.069,220,,,6850540,51.667,27.3,5.445,5321.444,3.2,137.016,11.47,,,0.9,74.48,0.66,23.7,1.7194,0.0836,13.1538,0.003,16.8052,0.549,0.6557,3.8377,3.1044,8.5527,0.6658,0.2055,0.3354,1.3618,0.006,1.9118,0.005,5.7021,0,0.003,0.9227,3.5808,36.8356,%
103,Africa,Niger,8652,342.617,298,1798575,4.06,25252722,16.955,15.1,2.553,926,44.5,238.339,2.42,0.1,15.4,0.3,62.42,0.394,5.5,0.0558,0.1185,7.2385,0,22.2843,0.0239,0.2022,2.5503,1.2702,5.4224,0.0687,0.2022,1.4804,3.4838,0.0807,1.3489,0.0349,0.3666,0,0,0.3975,10.6117,42.7585,%
104,Africa,Nigeria,253181,1186.408,3136,,,213401323,209.588,18.1,2.751,5338.454,,181.013,2.42,0.6,10.8,,54.69,0.539,8.9,4.0037,0.0151,1.7391,0,10.922,0.1976,0.7239,4.4268,0.5675,0.173,0.0437,0.0627,0.4763,0.8311,0.1715,19.5271,0.0064,0.6501,0,0.0841,0.8573,6.2627,48.2585,%
105,Europe,North Macedonia,268901,127845.369,8409,,,2103330,82.6,39.1,13.26,13111.214,5,322.688,10.08,,,4.28,75.8,0.774,22.4,1.9045,0.3784,12.0639,0,7.3937,0.2847,0.3507,5.0893,2.0683,8.8045,0.2959,0.1773,0.3253,0.2847,0.1288,3.6779,0.2474,2.9104,0,0.1796,0.9505,14.5512,37.933,%
106,Europe,Norway,781049,144557.832,1440,11038015,73.99,5403021,14.462,39.7,16.821,64800.057,0.2,114.316,5.31,19.6,20.7,3.6,82.4,0.957,23.1,3.7939,0.6119,21.1992,0.0005,5.9777,0.6194,2.7466,4.2801,3.6083,13.5227,3.6634,0.0893,0.3113,0.3204,0.0235,2.8097,0.4819,2.2652,0,0.099,0.8697,3.9131,28.7933,%
107,Asia,Oman,338880,74965.64,4146,6600551,65.64,4520471,14.98,30.7,2.355,37960.709,,266.342,12.61,0.5,15.6,1.6,77.86,0.813,27,0.2621,0.0571,13.5101,0,9.6835,0.5741,2.0105,9.787,3.0531,7.6265,0.0423,0.1888,0.1338,0.2776,0.2297,1.6984,0.1395,2.5903,0.0077,0.0521,0.6995,10.8902,36.486,%
108,Asia,Pakistan,1430366,6181.3,29301,,,231402116,255.573,23.5,4.495,5034.708,4,423.031,8.35,2.8,36.7,0.6,67.27,0.557,8.6,0.0085,0.0969,22.2758,0.0011,14.6224,0.3577,0.1831,2.4099,1.7957,19.6466,0.0117,0.1969,0.3577,0.6993,0.1618,1.8202,0.5258,2.6707,1.7915,0.0852,0.3417,2.2173,27.7226,%
109,North America,Panama,697124,160211.727,7716,,,4351267,55.133,29.7,7.918,22267.037,2.2,128.346,8.33,2.4,9.9,2.3,78.51,0.815,22.7,6.6254,0.2467,12.3346,0.0031,14.2627,0.4604,1.005,6.6783,4.98,5.353,0.7431,0.2873,0.4589,0.4129,0.0153,1.3758,0.1195,4.2277,0,0.036,0.7645,1.948,37.6619,%
110,South America,Paraguay,583662,87064.365,17321,,,6703799,17.144,26.5,6.378,8827.01,1.7,199.128,8.27,5,21.6,1.3,74.25,0.728,20.3,3.9095,0.2191,11.2654,0,7.5639,0.9035,0.3119,5.4532,4.0434,5.3208,0.1788,0.4675,0.2745,0.6185,0.0082,12.5302,1.0112,2.4084,0,0.0015,1.0733,3.7113,38.726,%
111,South America,Peru,3239538,96084.611,205834,57710367,69.59,33715472,25.129,29.1,7.151,12236.706,3.5,85.755,5.95,4.8,,1.6,76.74,0.777,19.7,3.8623,0.0316,8.6638,0.0014,11.814,0.6431,1.7993,8.5783,1.754,4.0729,0.0719,0.3629,0.2458,0.6367,0.0172,8.7924,0.2501,1.7339,0,0.023,0.5066,4.8044,41.3344,%
112,Asia,Philippines,3560202,31262.66,54003,126951502,51.83,113880328,351.873,25.2,4.803,7599.188,,370.437,7.07,7.8,40.8,1,71.23,0.718,6.4,1.9716,0.3074,6.7108,0,20.0498,0.3527,2.4506,8.5466,3.2257,0.1045,0.1925,0.2717,0.5425,0.1106,0.034,2.8773,0.5399,2.3774,0,0.1838,0.4119,5.4481,43.2905,%
113,Europe,Poland,4886154,127550.093,105194,51658515,56.77,38307726,124.027,41.8,16.763,27216.445,,227.331,5.91,23.3,33.1,6.62,78.73,0.88,23.1,6.8201,0.9842,16.559,0,7.9033,0.3702,0.5845,3.0079,4.85,9.7542,0,0.017,0.0798,0.1099,0.0202,5.5631,0.1509,2.4775,0,0.0476,0.3959,6.8655,33.439,%
114,Europe,Portugal,2689167,261335.285,19905,,,10290103,112.371,46.2,21.502,27936.896,0.5,127.842,9.85,16.3,30,3.39,82.05,0.864,20.8,4.7147,0.4077,18.6614,0.0005,6.2984,0.4053,2.7295,6.5126,4.5168,10.3936,0.1393,0.2079,0.0965,0.1618,0.0173,3.106,0.2684,1.7316,0,0.2319,0.7246,7.3366,31.3374,%
115,Europe,Romania,2216525,114676.158,60025,16432047,41.27,19328560,85.129,43,17.85,23313.199,5.7,370.946,9.74,22.9,37.1,6.892,76.05,0.828,22.5,4.7679,0.3474,15.9287,0,8.0412,0.6848,0.2844,4.2115,3.0499,11.4018,0.2567,0.1594,0.0974,0.1045,0.1274,4.713,0.1398,1.4126,0,0.1093,0.7301,9.3641,34.0679,%
116,Africa,Rwanda,128891,9574.511,1440,,,13461888,494.869,20.3,2.974,1854.211,56,191.375,4.28,4.7,21,,69.02,0.543,5.8,1.3631,0.0186,2.6366,0,3.538,0.0269,0.5279,15.7285,0.6257,1.3521,0.0283,0.0855,0.2233,2.5036,0.0179,20.4415,0.011,0.5782,0,0,0.2109,2.7193,47.3634,%
117,North America,Saint Kitts and Nevis,5422,113893.207,33,,,47606,212.865,,,24654.385,,,12.84,,,2.3,76.23,0.779,22.9,4.0867,0.1735,14.0252,0,6.3135,0.3868,3.4174,7.5449,7.8207,1.895,1.5442,0.3318,0.947,0.5422,0.0901,2.715,0.0749,6.4623,0,0.0673,1.385,4.209,35.9677,%
118,North America,Saint Lucia,20942,116569.813,328,108090,28.43,179652,293.187,34.9,9.721,12951.839,,204.62,11.62,,,1.3,76.2,0.759,19.7,7.8024,0.0252,14.8893,0.0009,7.2091,0.3326,3.0652,5.9453,8.17,2.8881,1.6054,0.4063,0.6274,0.5663,0.178,2.6427,0.0602,3.7043,0,0.0575,0.6103,4.1169,35.0964,%
119,North America,Saint Vincent and the Grenadines,7903,75748.572,94,64440,26.55,104332,281.787,31.8,7.724,10727.146,,252.675,11.62,,,2.6,72.53,0.738,23.7,2.526,0.022,11.0865,0,9.0142,0.3412,1.3785,10.471,6.9184,2.2593,1.9325,0.1672,0.1049,0.6452,0.2113,4.3734,0.2933,3.4592,0,0.0357,0.7227,5.1371,38.9005,%
120,Oceania,Samoa,32,146.276,,,,218764,69.413,22,5.606,6021.557,,348.977,9.21,16.7,38.1,,73.32,0.715,47.3,1.4236,0.2262,11.163,0.1236,3.6768,0.1314,2.7788,10.7845,5.7993,1.9647,0.7751,0.1398,10.5187,0,0.0582,7.6944,0.1344,2.0811,0.0036,0.0108,0.5117,1.1656,38.8349,%
121,Africa,Sao Tome and Principe,5890,26399.889,69,,,223107,212.841,18.7,2.886,3052.714,32.3,270.113,2.42,,,2.9,70.39,0.625,12.4,1.5187,0.022,4.1199,0,7.3796,0.0562,2.3033,18.2736,1.2054,0.5152,0.424,0.0187,9.9865,0.3109,0.0293,3.7154,0.0073,2.5939,0,0.0024,0.7805,0.857,45.8801,%
122,Asia,Saudi Arabia,687264,19117.008,8940,57328405,65.92,35950396,15.322,31.9,3.295,49045.411,,259.538,17.72,1.8,25.4,2.7,75.13,0.854,35.4,0,0.3917,12.9962,0,16.3284,0.6003,1.0369,7.0413,4.9529,5.8598,0.669,0.1547,0.1492,0.4768,0.2434,1.4542,0.205,2.8571,0.0009,0.1135,1.7626,5.7024,37.0038,%
123,Africa,Senegal,84999,5036.464,1946,,,16876720,82.328,18.7,3.008,2470.58,38,241.219,2.42,0.4,16.6,,67.94,0.512,8.8,0.3209,0.0353,5.3434,0,25.9204,0.1878,2.0588,2.3456,1.6081,1.2496,0.0148,0.206,0.7637,0.4712,0.0717,2.6177,0.1161,2.0941,0,0.1047,1.9325,7.8951,44.6423,%
124,Europe,Serbia,1677798,244165.979,13629,8402695,47.23,6871547,80.291,41.2,17.366,14048.881,,439.415,10.08,37.7,40.2,5.609,76,0.806,21.5,4.392,0.2524,16.7466,0,9.7485,0.6322,0.4148,5.9753,3.5893,11.619,0.0067,0.2389,0.1322,0.1805,0.0242,2.545,0.243,2.0255,0.0007,0.1268,0.4644,7.3941,33.2476,%
125,Africa,Sierra Leone,7623,905.276,125,,,8420641,104.7,19.1,2.538,1390.3,52.2,325.721,2.42,8.8,41.3,,54.7,0.452,8.7,0.3009,0.0067,5.6877,0,19.9349,0.1343,2.5044,3.2119,0.7837,2.1711,0.2504,0.0857,0.5999,0.8913,0.0638,12.4228,0.0762,0.6323,0,0.1,1.276,4.5526,44.3138,%
126,Europe,Slovakia,1569299,288070.465,17830,,,5447622,113.128,41.2,15.07,30155.152,0.7,287.959,7.29,23.1,37.7,5.82,77.54,0.86,20.5,6.1266,1.3559,18.9841,0,5.4026,0.939,0.7045,3.5463,4.3096,11.4696,0.029,0.2055,0.2055,0.0973,0.0421,3.6814,0.2513,5.5166,0,0.1118,1.438,4.5601,31.0231,%
127,Europe,Slovenia,710821,335386.263,5866,2915311,57.08,2119410,102.619,44.5,19.062,31400.84,,153.493,7.25,20.1,25,4.5,81.32,0.917,20.2,4.9933,1.1248,18.9196,0.0005,7.6345,0.5376,0.6515,6.4367,4.161,12.2569,0.6133,0.1879,0.1285,0.1106,0.0561,2.6837,0.2615,2.4915,0,0.1972,0.4739,5.002,31.0774,%
128,Oceania,Solomon Islands,1183,1671.256,9,271063,10.71,707851,21.841,20.8,3.507,2205.923,25.1,459.78,18.68,,,1.4,73,0.567,22.5,0.8298,0.1038,3.8504,0.0121,9.0233,0.0826,2.284,3.2798,0.8897,0.438,0.5585,0.0394,5.0334,0.7366,0.0364,24.25,0.0856,0.8268,0,0.0356,0.3327,1.1223,46.1492,%
129,Africa,South Africa,3605222,60701.888,95093,29884699,27.99,59392255,46.754,27.3,5.344,12294.876,18.9,200.38,5.52,8.1,33.2,2.32,64.13,0.709,28.3,6.2658,0.0593,11.8433,0.0009,17.1035,0.594,0.5365,1.9355,5.3933,4.8155,0.0009,0.4448,0.2462,0.1546,0.0539,2.8503,0.1321,4.4677,0,0.0108,1.1726,3.7632,38.1554,%
130,Europe,Spain,9961253,209768.287,93225,90272896,80.64,47486935,93.105,45.5,19.436,34272.36,1,99.403,7.17,27.4,31.4,2.97,83.56,0.904,23.8,5.3152,0.2357,18.3382,0.0011,6.0548,0.7321,2.2646,4.8332,5.3456,9.5991,0,0.1605,0.265,0.2666,0.0069,3.0975,0.2229,1.8482,0,0.4287,1.5122,7.8139,31.6581,%
131,Asia,Sri Lanka,611185,28070.207,15441,35764626,63.92,21773441,341.955,34.1,10.069,11669.077,0.7,197.093,10.68,0.3,27,3.6,76.98,0.782,5.2,0.681,0.0147,5.5328,0.0039,20.7839,0.4178,3.0173,4.1171,0.8845,1.0948,0.0303,0.0998,7.1364,0.9608,0.5244,1.9793,0.2818,2.7209,0,0.135,0.2466,4.8753,44.4618,%
132,South America,Suriname,73769,120344.087,1263,,,612984,3.612,29.6,6.933,13767.119,,258.314,12.54,7.4,42.9,3.1,71.68,0.738,26.4,4.1704,0.0438,6.7984,0,13.9476,0.5407,1.4348,8.6872,3.6451,1.0789,1.2414,0.0576,0.6757,0.1719,0.0224,2.4553,0.0903,4.7051,0.3207,0.0155,1.3351,5.3705,43.1917,%
133,Europe,Sweden,2070456,197806.135,15855,,,10467097,24.718,41,19.985,46949.283,0.5,133.982,4.79,18.8,18.9,2.22,82.8,0.945,20.6,4.4232,1.0442,24.0627,0,6.1923,0.7266,1.7659,3.5405,4.1476,16.3687,0.4623,0.0086,0.1712,0.0937,0.0484,2.8343,0.5533,2.5211,0,0.0996,0.3967,4.611,25.9282,%
134,Europe,Switzerland,2220539,255486.742,12708,15317659,68.13,8691406,214.243,43.1,18.436,57410.166,,99.739,5.59,22.6,28.9,4.53,83.78,0.955,19.5,4.9978,0.4802,22.4227,0.0022,5.9818,0.5377,0.9109,4.6041,3.6314,16.706,0,0.1549,0.1124,0.0995,0.0382,2.1542,0.3727,2.9737,0,0.2377,1.0637,4.9478,27.5705,%
135,Asia,Tajikistan,17706,1815.988,125,,,9750064,64.281,23.3,3.466,2896.913,4.8,427.698,7.11,,,4.8,71.1,0.668,14.2,0.1423,0.0018,7.2363,0,13.3691,0.2255,0.0342,3.7863,1.5221,5.2373,0.2089,0.2144,0.1349,0.2486,0.0305,2.9278,0.0555,1.6607,0,0.0582,0.8419,19.2995,42.7642,%
136,Asia,Thailand,2440542,34085.257,22173,116749385,68.03,71601103,135.132,40.1,11.373,16277.671,0.1,109.861,7.04,1.9,38.8,2.1,77.15,0.777,10,3.6223,0.0902,7.7828,0.0325,17.5571,1.1143,2.6297,8.3291,2.4675,1.3279,0.009,0.1199,1.2775,0.2344,0.6626,1.8887,0.1262,4.0424,0,0.0938,0.7816,3.5962,42.2145,%
137,Africa,Togo,36491,4221.136,268,,,8644829,143.366,19.4,2.839,1429.813,49.2,280.033,6.15,0.9,14.2,0.7,61.04,0.515,8.4,1.0144,0.0292,3.6702,0,15.8144,0.1067,1.3178,0.91,1.4133,0.7246,0.7448,0.0775,0.4718,1.7626,0.0595,20.0654,0.0843,1.8312,0,0,1.4099,2.1637,46.3287,%
138,North America,Trinidad and Tobago,111549,73115.098,3404,1480799,45.24,1525663,266.886,36.2,10.014,28763.071,,228.467,10.97,,,3,73.51,0.796,18.6,2.4881,0.2804,12.7835,0,13.0903,0.4044,2.3299,4.9733,6.7063,2.8789,0.2413,0.1837,1.2016,0.8939,0.2305,3.5148,0.0899,5.62,0,0.0928,1.2563,3.5256,37.2145,%
139,Africa,Tunisia,909813,74192.042,26288,12757250,50.84,12262946,74.228,32.7,8.001,10849.297,2,318.991,8.52,1.1,65.8,2.3,76.7,0.74,26.9,0.7037,0.2083,9.6312,0,12.0523,0.4508,0.7615,5.4307,1.6411,6.4775,0.0116,0.0926,0.2031,0.4311,0.1065,1.7724,0.1979,2.0832,0,0.3489,1.2551,15.7731,40.3673,%
140,Africa,Uganda,161839,3529.458,3533,12911692,4.39,45853778,213.759,16.4,2.168,1697.707,41.6,213.333,2.5,3.4,16.7,0.5,63.37,0.544,5.3,6.1671,0.0352,5.6473,0,6.748,0.0815,1.0442,11.3112,0.8978,3.4755,0.0371,0.113,0.6338,2.3942,0.012,12.361,0.013,1.2601,0,0,0.744,2.6703,44.3536,%
141,Europe,Ukraine,4255206,97750.218,106880,30366236,33.69,43531422,77.39,41.4,16.462,7894.393,0.1,539.849,7.11,13.5,47.4,8.8,72.06,0.779,24.1,2.625,0.1753,13.1214,0.0006,9.3613,0.8434,0.6821,2.9418,2.7425,8.5442,0.007,0.1339,0.0175,0.1099,0.0111,7.6721,0.0883,3.8811,0,0.0807,0.647,9.4361,36.8777,%
142,Asia,United Arab Emirates,845058,90234.384,2243,,,9365144,112.442,34,1.144,67293.483,,317.84,17.26,1.2,37.4,1.2,77.97,0.89,31.7,0,0.1896,10.5491,0,12.906,0.5958,1.9682,8.1938,4.94,2.6468,0.9471,0.2095,0.6133,2.1108,0.3194,0.8937,0.1649,3.6576,0,0.5838,0.7949,8.2695,39.4461,%
143,South America,Uruguay,668425,195088.814,6479,7436812,78.67,3426260,19.751,35.6,14.655,20551.409,0.1,160.708,6.93,14,19.9,2.8,77.91,0.817,27.9,3.5664,0.21,17.8865,0,10.251,0.7764,0.6058,5.3746,3.7863,12.3906,0.3918,0.1168,0.277,0.1936,0.0144,3.044,0.6169,3.4102,0,0.0131,1.0337,3.9333,32.1076,%
144,Asia,Uzbekistan,223008,6543.384,1564,,,34081449,76.134,28.2,4.469,6253.104,,724.417,7.57,1.3,24.7,4,71.72,0.72,16.6,0.6835,0.1353,14.4463,0,10.5365,0.3566,0.1218,5.215,1.8621,11.7952,0.04,0.1748,0.0287,0.0022,0.0038,2.8891,0.0644,0.5796,0,0.0649,0.6109,14.8354,35.554,%
145,Oceania,Vanuatu,7,21.934,1,,,319136,22.662,23.1,4.394,2921.909,13.2,546.3,12.02,2.8,34.5,,70.47,0.609,25.2,0.2424,0.0793,6.6244,0,6.4102,0.1875,2.1649,5.8103,2.7466,1.2692,0.2882,0.1776,12.1763,0.0008,0.0374,12.7275,0.0305,1.3645,0,0.0038,0.3674,3.9175,43.3737,%
146,Asia,Yemen,11019,334.095,2012,744060,1.04,32981641,53.508,20.3,2.922,1479.147,18.8,495.003,5.35,7.6,29.2,0.7,66.12,0.47,17.1,0.0364,0.0446,5.7874,0,27.2077,0.2579,0.524,5.1344,2.7871,1.8911,0.2033,0.2827,0.0893,0.8645,0.0347,1.0794,0.2199,5.0468,0,0.0017,1.0811,3.2135,44.2126,%
147,Africa,Zambia,305047,15665.026,3917,2386312,8.53,19473125,22.995,17.7,2.48,3689.251,57.5,234.499,3.94,3.1,24.7,2,63.89,0.584,8.1,5.736,0.0829,6.0197,0,21.1938,0.3399,1.6924,1.0183,1.8427,1.757,0.2149,0.3048,1.8736,0.1756,0.0478,7.9649,0.0618,1.5632,0,0.0014,0.6657,3.4649,43.9789,%
148,Africa,Zimbabwe,229666,14359.937,5338,7632514,20.63,15993524,42.729,19.6,2.822,1899.775,21.4,307.846,1.82,1.6,30.7,1.7,61.49,0.571,15.5,4.0552,0.0755,8.1489,0,22.624,0.2678,0.5518,2.2,2.6142,4.431,0.2012,0.2086,0.4498,0.4261,0.0252,2.987,0.1494,4.6485,0,0.0518,1.7103,2.3213,41.8526,%